1a,1b,2,3,4a,4b,4c
1000,ADRAR ,+213 49 96 92 50,3,Heures de service (heure locale): 0800-1800 samedi à mercredi 0800-1500 jeudi pas de service vendredi et jours fériés.,Opening hours (in local time): 0800-1800 Saturday to Wednesday 0800-1500 Thursday no service on Friday and public holidays.,Horas de servicio (en hora local): 0800-1800 sábado a miércoles 0800-1500 jueves no hay servicio el viernes y los días festivos.
2000,ECH-CHELIF,+213 27 77 77 26,3,Heures de service (heure locale): 0800-1800 samedi à mercredi 0800-1500 jeudi pas de service vendredi et jours fériés.,Opening hours (in local time): 0800-1800 Saturday to Wednesday 0800-1500 Thursday no service on Friday and public holidays.,Horas de servicio (en hora local): 0800-1800 sábado a miércoles 0800-1500 jueves no hay servicio el viernes y los días festivos.
,LAGHOUAT,+213 29 93 28 45,3,Heures de service (heure locale): 0800-1800 samedi à mercredi 0800-1500 jeudi pas de service vendredi et jours fériés.,Opening hours (in local time): 0800-1800 Saturday to Wednesday 0800-1500 Thursday no service on Friday and public holidays.,Horas de servicio (en hora local): 0800-1800 sábado a miércoles 0800-1500 jueves no hay servicio el viernes y los días festivos.
4000,OUM-EL-BOUAGHI ,+213 32 42 18 69,3,Heures de service (heure locale): 0800-1800 samedi à mercredi 0800-1500 jeudi pas de service vendredi et jours fériés.,Opening hours (in local time): 0800-1800 Saturday to Wednesday 0800-1500 Thursday no service on Friday and public holidays.,Horas de servicio (en hora local): 0800-1800 sábado a miércoles 0800-1500 jueves no hay servicio el viernes y los días festivos.
5000,BATNA ,+213 33 81 31 25,3,Heures de service (heure locale): 0800-1800 samedi à mercredi 0800-1500 jeudi pas de service vendredi et jours fériés.,Opening hours (in local time): 0800-1800 Saturday to Wednesday 0800-1500 Thursday no service on Friday and public holidays.,Horas de servicio (en hora local): 0800-1800 sábado a miércoles 0800-1500 jueves no hay servicio el viernes y los días festivos.
,BEJAIA,+213 34 21 24 86,3,Heures de service (heure locale): 0800-1800 samedi à mercredi 0800-1500 jeudi pas de service vendredi et jours fériés.,Opening hours (in local time): 0800-1800 Saturday to Wednesday 0800-1500 Thursday no service on Friday and public holidays.,Horas de servicio (en hora local): 0800-1800 sábado a miércoles 0800-1500 jueves no hay servicio el viernes y los días festivos.
,BISKRA,+213 33 74 15 52,3,Heures de service (heure locale): 0800-1800 samedi à mercredi 0800-1500 jeudi pas de service vendredi et jours fériés.,Opening hours (in local time): 0800-1800 Saturday to Wednesday 0800-1500 Thursday no service on Friday and public holidays.,Horas de servicio (en hora local): 0800-1800 sábado a miércoles 0800-1500 jueves no hay servicio el viernes y los días festivos.
,BECHAR,+213 49 83 72 25,3,Heures de service (heure locale): 0800-1800 samedi à mercredi 0800-1500 jeudi pas de service vendredi et jours fériés.,Opening hours (in local time): 0800-1800 Saturday to Wednesday 0800-1500 Thursday no service on Friday and public holidays.,Horas de servicio (en hora local): 0800-1800 sábado a miércoles 0800-1500 jueves no hay servicio el viernes y los días festivos.
,BLIDA,+213 25 41 73 77,3,Heures de service (heure locale): 0800-1800 samedi à mercredi 0800-1500 jeudi pas de service vendredi et jours fériés.,Opening hours (in local time): 0800-1800 Saturday to Wednesday 0800-1500 Thursday no service on Friday and public holidays.,Horas de servicio (en hora local): 0800-1800 sábado a miércoles 0800-1500 jueves no hay servicio el viernes y los días festivos.
10000,BOUIRA,+213 26 94 14 55,3,Heures de service (heure locale): 0800-1800 samedi à mercredi 0800-1500 jeudi pas de service vendredi et jours fériés.,Opening hours (in local time): 0800-1800 Saturday to Wednesday 0800-1500 Thursday no service on Friday and public holidays.,Horas de servicio (en hora local): 0800-1800 sábado a miércoles 0800-1500 jueves no hay servicio el viernes y los días festivos.
,TAMANRASSET,+213 29 34 46 96,3,Heures de service (heure locale): 0800-1800 samedi à mercredi 0800-1500 jeudi pas de service vendredi et jours fériés.,Opening hours (in local time): 0800-1800 Saturday to Wednesday 0800-1500 Thursday no service on Friday and public holidays.,Horas de servicio (en hora local): 0800-1800 sábado a miércoles 0800-1500 jueves no hay servicio el viernes y los días festivos.
,TEBESSA,+213 37 48 58 51,3,Heures de service (heure locale): 0800-1800 samedi à mercredi 0800-1500 jeudi pas de service vendredi et jours fériés.,Opening hours (in local time): 0800-1800 Saturday to Wednesday 0800-1500 Thursday no service on Friday and public holidays.,Horas de servicio (en hora local): 0800-1800 sábado a miércoles 0800-1500 jueves no hay servicio el viernes y los días festivos.
,TLEMCEN,+213 43 26 59 00,3,Heures de service (heure locale): 0800-1800 samedi à mercredi 0800-1500 jeudi pas de service vendredi et jours fériés.,Opening hours (in local time): 0800-1800 Saturday to Wednesday 0800-1500 Thursday no service on Friday and public holidays.,Horas de servicio (en hora local): 0800-1800 sábado a miércoles 0800-1500 jueves no hay servicio el viernes y los días festivos.
14000,TIARET ,+213 46 42 44 96,3,Heures de service (heure locale): 0800-1800 samedi à mercredi 0800-1500 jeudi pas de service vendredi et jours fériés.,Opening hours (in local time): 0800-1800 Saturday to Wednesday 0800-1500 Thursday no service on Friday and public holidays.,Horas de servicio (en hora local): 0800-1800 sábado a miércoles 0800-1500 jueves no hay servicio el viernes y los días festivos.
,TIZI-OUZOU,+213 26 21 13 77,3,Heures de service (heure locale): 0800-1800 samedi à mercredi 0800-1500 jeudi pas de service vendredi et jours fériés.,Opening hours (in local time): 0800-1800 Saturday to Wednesday 0800-1500 Thursday no service on Friday and public holidays.,Horas de servicio (en hora local): 0800-1800 sábado a miércoles 0800-1500 jueves no hay servicio el viernes y los días festivos.
16000,ALGER ,+213 21 72 84 69,3,Heures de service (heure locale): 0800-1800 samedi à mercredi 0800-1500 jeudi pas de service vendredi et jours fériés.,Opening hours (in local time): 0800-1800 Saturday to Wednesday 0800-1500 Thursday no service on Friday and public holidays.,Horas de servicio (en hora local): 0800-1800 sábado a miércoles 0800-1500 jueves no hay servicio el viernes y los días festivos.
,DJELFA,+213 28 87 58 26,3,Heures de service (heure locale): 0800-1800 samedi à mercredi 0800-1500 jeudi pas de service vendredi et jours fériés.,Opening hours (in local time): 0800-1800 Saturday to Wednesday 0800-1500 Thursday no service on Friday and public holidays.,Horas de servicio (en hora local): 0800-1800 sábado a miércoles 0800-1500 jueves no hay servicio el viernes y los días festivos.
,JIJEL,+213 34 47 61 50,3,Heures de service (heure locale): 0800-1800 samedi à mercredi 0800-1500 jeudi pas de service vendredi et jours fériés.,Opening hours (in local time): 0800-1800 Saturday to Wednesday 0800-1500 Thursday no service on Friday and public holidays.,Horas de servicio (en hora local): 0800-1800 sábado a miércoles 0800-1500 jueves no hay servicio el viernes y los días festivos.
19000,SETIF ,+213 36 93 06 16,3,Heures de service (heure locale): 0800-1800 samedi à mercredi 0800-1500 jeudi pas de service vendredi et jours fériés.,Opening hours (in local time): 0800-1800 Saturday to Wednesday 0800-1500 Thursday no service on Friday and public holidays.,Horas de servicio (en hora local): 0800-1800 sábado a miércoles 0800-1500 jueves no hay servicio el viernes y los días festivos.
,SAIDA,+213 48 51 57 00,3,Heures de service (heure locale): 0800-1800 samedi à mercredi 0800-1500 jeudi pas de service vendredi et jours fériés.,Opening hours (in local time): 0800-1800 Saturday to Wednesday 0800-1500 Thursday no service on Friday and public holidays.,Horas de servicio (en hora local): 0800-1800 sábado a miércoles 0800-1500 jueves no hay servicio el viernes y los días festivos.
,SKIKDA,+213 38 75 77 86,3,Heures de service (heure locale): 0800-1800 samedi à mercredi 0800-1500 jeudi pas de service vendredi et jours fériés.,Opening hours (in local time): 0800-1800 Saturday to Wednesday 0800-1500 Thursday no service on Friday and public holidays.,Horas de servicio (en hora local): 0800-1800 sábado a miércoles 0800-1500 jueves no hay servicio el viernes y los días festivos.
22000,SIDI-BEL-ABBES ,+213 48 56 21 58,3,Heures de service (heure locale): 0800-1800 samedi à mercredi 0800-1500 jeudi pas de service vendredi et jours fériés.,Opening hours (in local time): 0800-1800 Saturday to Wednesday 0800-1500 Thursday no service on Friday and public holidays.,Horas de servicio (en hora local): 0800-1800 sábado a miércoles 0800-1500 jueves no hay servicio el viernes y los días festivos.
,ANNABA,+213 38 86 26 66,3,Heures de service (heure locale): 0800-1800 samedi à mercredi 0800-1500 jeudi pas de service vendredi et jours fériés.,Opening hours (in local time): 0800-1800 Saturday to Wednesday 0800-1500 Thursday no service on Friday and public holidays.,Horas de servicio (en hora local): 0800-1800 sábado a miércoles 0800-1500 jueves no hay servicio el viernes y los días festivos.
24000,GUELMA ,+213 37 26 61 33 ,3,Heures de service (heure locale): 0800-1800 samedi à mercredi 0800-1500 jeudi pas de service vendredi et jours fériés.,Opening hours (in local time): 0800-1800 Saturday to Wednesday 0800-1500 Thursday no service on Friday and public holidays.,Horas de servicio (en hora local): 0800-1800 sábado a miércoles 0800-1500 jueves no hay servicio el viernes y los días festivos.
25000,CONSTANTINE,+213 31 64 27 20,3,Heures de service (heure locale): 0800-1800 samedi à mercredi 0800-1500 jeudi pas de service vendredi et jours fériés.,Opening hours (in local time): 0800-1800 Saturday to Wednesday 0800-1500 Thursday no service on Friday and public holidays.,Horas de servicio (en hora local): 0800-1800 sábado a miércoles 0800-1500 jueves no hay servicio el viernes y los días festivos.
26000,MEDEA ,+213 25 58 17 00,3,Heures de service (heure locale): 0800-1800 samedi à mercredi 0800-1500 jeudi pas de service vendredi et jours fériés.,Opening hours (in local time): 0800-1800 Saturday to Wednesday 0800-1500 Thursday no service on Friday and public holidays.,Horas de servicio (en hora local): 0800-1800 sábado a miércoles 0800-1500 jueves no hay servicio el viernes y los días festivos.
,MOSTAGANEM,+213 45 21 10 18,3,Heures de service (heure locale): 0800-1800 samedi à mercredi 0800-1500 jeudi pas de service vendredi et jours fériés.,Opening hours (in local time): 0800-1800 Saturday to Wednesday 0800-1500 Thursday no service on Friday and public holidays.,Horas de servicio (en hora local): 0800-1800 sábado a miércoles 0800-1500 jueves no hay servicio el viernes y los días festivos.
28000,M'SILA,+213 35 55 01 15,3,Heures de service (heure locale): 0800-1800 samedi à mercredi 0800-1500 jeudi pas de service vendredi et jours fériés.,Opening hours (in local time): 0800-1800 Saturday to Wednesday 0800-1500 Thursday no service on Friday and public holidays.,Horas de servicio (en hora local): 0800-1800 sábado a miércoles 0800-1500 jueves no hay servicio el viernes y los días festivos.
29000,MASCARA ,+213 45 80 46 58,3,Heures de service (heure locale): 0800-1800 samedi à mercredi 0800-1500 jeudi pas de service vendredi et jours fériés.,Opening hours (in local time): 0800-1800 Saturday to Wednesday 0800-1500 Thursday no service on Friday and public holidays.,Horas de servicio (en hora local): 0800-1800 sábado a miércoles 0800-1500 jueves no hay servicio el viernes y los días festivos.
,OUARGLA,+213 29 76 13 57,3,Heures de service (heure locale): 0800-1800 samedi à mercredi 0800-1500 jeudi pas de service vendredi et jours fériés.,Opening hours (in local time): 0800-1800 Saturday to Wednesday 0800-1500 Thursday no service on Friday and public holidays.,Horas de servicio (en hora local): 0800-1800 sábado a miércoles 0800-1500 jueves no hay servicio el viernes y los días festivos.
31000,ORAN ,+213 41 41 20 71,3,Heures de service (heure locale): 0800-1800 samedi à mercredi 0800-1500 jeudi pas de service vendredi et jours fériés.,Opening hours (in local time): 0800-1800 Saturday to Wednesday 0800-1500 Thursday no service on Friday and public holidays.,Horas de servicio (en hora local): 0800-1800 sábado a miércoles 0800-1500 jueves no hay servicio el viernes y los días festivos.
,EL-BAYADH,+213 49 71 54 82,3,Heures de service (heure locale): 0800-1800 samedi à mercredi 0800-1500 jeudi pas de service vendredi et jours fériés.,Opening hours (in local time): 0800-1800 Saturday to Wednesday 0800-1500 Thursday no service on Friday and public holidays.,Horas de servicio (en hora local): 0800-1800 sábado a miércoles 0800-1500 jueves no hay servicio el viernes y los días festivos.
,ILLIZI,A communiquer,3,Heures de service (heure locale): 0800-1800 samedi à mercredi 0800-1500 jeudi pas de service vendredi et jours fériés.,Opening hours (in local time): 0800-1800 Saturday to Wednesday 0800-1500 Thursday no service on Friday and public holidays.,Horas de servicio (en hora local): 0800-1800 sábado a miércoles 0800-1500 jueves no hay servicio el viernes y los días festivos.
,BORDJ-BOU-ARRERIDJ,+213 35 68 52 52,3,Heures de service (heure locale): 0800-1800 samedi à mercredi 0800-1500 jeudi pas de service vendredi et jours fériés.,Opening hours (in local time): 0800-1800 Saturday to Wednesday 0800-1500 Thursday no service on Friday and public holidays.,Horas de servicio (en hora local): 0800-1800 sábado a miércoles 0800-1500 jueves no hay servicio el viernes y los días festivos.
35000,BOUMERDES ,+213 24 81 63 63,3,Heures de service (heure locale): 0800-1800 samedi à mercredi 0800-1500 jeudi pas de service vendredi et jours fériés.,Opening hours (in local time): 0800-1800 Saturday to Wednesday 0800-1500 Thursday no service on Friday and public holidays.,Horas de servicio (en hora local): 0800-1800 sábado a miércoles 0800-1500 jueves no hay servicio el viernes y los días festivos.
,EL-TARF,+213 38 60 17 32,3,Heures de service (heure locale): 0800-1800 samedi à mercredi 0800-1500 jeudi pas de service vendredi et jours fériés.,Opening hours (in local time): 0800-1800 Saturday to Wednesday 0800-1500 Thursday no service on Friday and public holidays.,Horas de servicio (en hora local): 0800-1800 sábado a miércoles 0800-1500 jueves no hay servicio el viernes y los días festivos.
,TINDOUF,+213 49 92 13 13,3,Heures de service (heure locale): 0800-1800 samedi à mercredi 0800-1500 jeudi pas de service vendredi et jours fériés.,Opening hours (in local time): 0800-1800 Saturday to Wednesday 0800-1500 Thursday no service on Friday and public holidays.,Horas de servicio (en hora local): 0800-1800 sábado a miércoles 0800-1500 jueves no hay servicio el viernes y los días festivos.
,TISSEMSILT,+213 46 47 92 22,3,Heures de service (heure locale): 0800-1800 samedi à mercredi 0800-1500 jeudi pas de service vendredi et jours fériés.,Opening hours (in local time): 0800-1800 Saturday to Wednesday 0800-1500 Thursday no service on Friday and public holidays.,Horas de servicio (en hora local): 0800-1800 sábado a miércoles 0800-1500 jueves no hay servicio el viernes y los días festivos.
,EL-OUED,+213 32 21 00 69,3,Heures de service (heure locale): 0800-1800 samedi à mercredi 0800-1500 jeudi pas de service vendredi et jours fériés.,Opening hours (in local time): 0800-1800 Saturday to Wednesday 0800-1500 Thursday no service on Friday and public holidays.,Horas de servicio (en hora local): 0800-1800 sábado a miércoles 0800-1500 jueves no hay servicio el viernes y los días festivos.
40000,KHENCHELA ,+213 32 32 16 84,3,Heures de service (heure locale): 0800-1800 samedi à mercredi 0800-1500 jeudi pas de service vendredi et jours fériés.,Opening hours (in local time): 0800-1800 Saturday to Wednesday 0800-1500 Thursday no service on Friday and public holidays.,Horas de servicio (en hora local): 0800-1800 sábado a miércoles 0800-1500 jueves no hay servicio el viernes y los días festivos.
,SOUK-AHRAS,+213 37 32 80 93,3,Heures de service (heure locale): 0800-1800 samedi à mercredi 0800-1500 jeudi pas de service vendredi et jours fériés.,Opening hours (in local time): 0800-1800 Saturday to Wednesday 0800-1500 Thursday no service on Friday and public holidays.,Horas de servicio (en hora local): 0800-1800 sábado a miércoles 0800-1500 jueves no hay servicio el viernes y los días festivos.
42000,TIPAZA ,+213 24 47 87 46,3,Heures de service (heure locale): 0800-1800 samedi à mercredi 0800-1500 jeudi pas de service vendredi et jours fériés.,Opening hours (in local time): 0800-1800 Saturday to Wednesday 0800-1500 Thursday no service on Friday and public holidays.,Horas de servicio (en hora local): 0800-1800 sábado a miércoles 0800-1500 jueves no hay servicio el viernes y los días festivos.
,MILA,+213 31 57 74 00,3,Heures de service (heure locale): 0800-1800 samedi à mercredi 0800-1500 jeudi pas de service vendredi et jours fériés.,Opening hours (in local time): 0800-1800 Saturday to Wednesday 0800-1500 Thursday no service on Friday and public holidays.,Horas de servicio (en hora local): 0800-1800 sábado a miércoles 0800-1500 jueves no hay servicio el viernes y los días festivos.
,AIN-DEFLA,+213 27 60 29 43,3,Heures de service (heure locale): 0800-1800 samedi à mercredi 0800-1500 jeudi pas de service vendredi et jours fériés.,Opening hours (in local time): 0800-1800 Saturday to Wednesday 0800-1500 Thursday no service on Friday and public holidays.,Horas de servicio (en hora local): 0800-1800 sábado a miércoles 0800-1500 jueves no hay servicio el viernes y los días festivos.
,NAAMA,+213 49 79 64 21,3,Heures de service (heure locale): 0800-1800 samedi à mercredi 0800-1500 jeudi pas de service vendredi et jours fériés.,Opening hours (in local time): 0800-1800 Saturday to Wednesday 0800-1500 Thursday no service on Friday and public holidays.,Horas de servicio (en hora local): 0800-1800 sábado a miércoles 0800-1500 jueves no hay servicio el viernes y los días festivos.
,AIN-TEMOUCHENT,+213 43 60 36 00,3,Heures de service (heure locale): 0800-1800 samedi à mercredi 0800-1500 jeudi pas de service vendredi et jours fériés.,Opening hours (in local time): 0800-1800 Saturday to Wednesday 0800-1500 Thursday no service on Friday and public holidays.,Horas de servicio (en hora local): 0800-1800 sábado a miércoles 0800-1500 jueves no hay servicio el viernes y los días festivos.
47000,GHARDAIA ,+213 29 88 42 26,3,Heures de service (heure locale): 0800-1800 samedi à mercredi 0800-1500 jeudi pas de service vendredi et jours fériés.,Opening hours (in local time): 0800-1800 Saturday to Wednesday 0800-1500 Thursday no service on Friday and public holidays.,Horas de servicio (en hora local): 0800-1800 sábado a miércoles 0800-1500 jueves no hay servicio el viernes y los días festivos.
,RELIZANE,+213 46 92 89 65,3,Heures de service (heure locale): 0800-1800 samedi à mercredi 0800-1500 jeudi pas de service vendredi et jours fériés.,Opening hours (in local time): 0800-1800 Saturday to Wednesday 0800-1500 Thursday no service on Friday and public holidays.,Horas de servicio (en hora local): 0800-1800 sábado a miércoles 0800-1500 jueves no hay servicio el viernes y los días festivos.
